id;reward;name;country;budget;fees;kinopoisk_rating;imdb_rating
326;Лучшие 500 фильмов;Побег из Шоушенка;США;1675000000;4009378423;9.112;9.3
435;Лучшие 500 фильмов;Зеленая миля;США;4020000000;19215692058;9.062;8.5
448;Лучшие 500 фильмов;Форрест Гамп;США;3685000000;45384907962;8.916;8.8
329;Лучшие 500 фильмов;Список Шиндлера;США;1474000000;21524806456;8.819;8.9
535341;Лучшие 500 фильмов;1+1;Франция;722000000;28581430170;8.809;8.5
389;Лучшие 500 фильмов;Леон;Франция;0;1306582946;8.682;8.6
447301;Лучшие 500 фильмов;Начало;США, Великобритания;10720000000;55310695188;8.665;8.8
2360;Лучшие 500 фильмов;Король Лев;США;3015000000;66161413059;8.774;8.5
361;Лучшие 500 фильмов;Бойцовский клуб;США, Германия;4221000000;6757201451;8.649;8.8
42664;Лучшие 500 фильмов;Иван Васильевич меняет профессию;СССР;0;0;8.784;8.4
381;Лучшие 500 фильмов;Жизнь прекрасна;Италия;1340000000;15353938688;8.628;8.6
32898;Лучшие 500 фильмов;Достучаться до небес;Германия;0;382570;8.631;8.0
325;Лучшие 500 фильмов;Крестный отец;США;402000000;16419449537;8.735;9.2
342;Лучшие 500 фильмов;Криминальное чтиво;США;536000000;14333227054;8.619;8.9
195334;Лучшие 500 фильмов;Престиж;США, Великобритания;2680000000;7348312837;8.524;8.5
530;Лучшие 500 фильмов;Игры разума;США;3886000000;21007336847;8.557;8.2
42782;Лучшие 500 фильмов;Операция «Ы» и другие приключения Шурика;СССР;0;0;8.715;8.6
474;Лучшие 500 фильмов;Гладиатор;США, Великобритания;6901000000;30661908609;8.586;8.5
258687;Лучшие 500 фильмов;Интерстеллар;США, Великобритания;11055000000;45233041139;8.586;8.6
3498;Лучшие 500 фильмов;Властелин колец: Возвращение Короля;США, Новая Зеландия;6298000000;74980433047;8.616;8.9
476;Лучшие 500 фильмов;Назад в будущее;США;1273000000;25534354054;8.626;8.5
522;Лучшие 500 фильмов;Карты, деньги, два ствола;Великобритания;81600000;251513243;8.544;8.2
46225;Лучшие 500 фильмов;Бриллиантовая рука;СССР;0;0;8.525;8.5
301;Лучшие 500 фильмов;Матрица;США;4221000000;31055664661;8.491;8.7
324;Лучшие 500 фильмов;Поймай меня, если сможешь;США, Канада;3484000000;23591658904;8.514;8.1
81314;Лучшие 500 фильмов;Отступники;США, Гонконг;6030000000;19419772718;8.456;8.5
355;Лучшие 500 фильмов;Пианист;Польша, Франция, Великобритания, Германия;2345000000;8044862659;8.47;8.5
25108;Лучшие 500 фильмов;В бой идут одни «старики»;СССР;33500000;0;8.709;8.5
328;Лучшие 500 фильмов;Властелин колец: Братство кольца;США, Новая Зеландия;6231000000;58392531708;8.563;8.8
279102;Лучшие 500 фильмов;ВАЛЛ·И;США;12060000000;34924971879;8.303;8.4
679486;Лучшие 500 фильмов;Тайна Коко;США;0;54074507132;8.632;8.4
526;Лучшие 500 фильмов;Большой куш;Великобритания, США;670000000;5598377424;8.532;8.3
312;Лучшие 500 фильмов;Властелин колец: Две крепости;США, Новая Зеландия;6298000000;61993927768;8.56;8.7
382;Лучшие 500 фильмов;Американская история X;США;1340000000;1599633509;8.297;8.5
44386;Лучшие 500 фильмов;Джентльмены удачи;СССР;0;0;8.525;8.5
4374;Лучшие 500 фильмов;Пираты Карибского моря: Проклятие Черной жемчужины;США;9380000000;43835689005;8.337;8.0
397667;Лучшие 500 фильмов;Остров проклятых;США;5360000000;19751881065;8.492;8.1
336;Лучшие 500 фильмов;Пролетая над гнездом кукушки;США;201000000;7301745425;8.552;8.7
111543;Лучшие 500 фильмов;Темный рыцарь;США, Великобритания;12395000000;67305415748;8.504;9.0
2213;Лучшие 500 фильмов;Титаник;США;13400000000;146419944234;8.369;7.8
346;Лучшие 500 фильмов;12 разгневанных мужчин;США;22780000;0;8.511;8.9
4871;Лучшие 500 фильмов;Запах женщины;США;2077000000;8984381951;8.457;8.0
2950;Лучшие 500 фильмов;Пробуждение;США;0;3490463825;8.443;7.8
356;Лучшие 500 фильмов;В джазе только девушки;США;193217816;1675000000;8.466;8.2
387556;Лучшие 500 фильмов;Хатико: Самый верный друг;Великобритания, США;1072000000;137138280;8.343;8.1
348;Лучшие 500 фильмов;Эта замечательная жизнь;США;213060000;0;8.463;8.6
414;Лучшие 500 фильмов;Огни большого города;США;100500000;1285127;8.517;8.5
349;Лучшие 500 фильмов;Хороший, плохой, злой;Италия, Испания, Германия (ФРГ);80400000;1681700000;8.538;8.9
370;Лучшие 500 фильмов;Унесённые призраками;Япония;1273000000;18419981365;8.429;8.6
43395;Лучшие 500 фильмов;...А зори здесь тихие;СССР;0;0;8.503;8.3
44745;Лучшие 500 фильмов;Кавказская пленница, или Новые приключения Шурика;СССР;0;0;8.46;8.4
51481;Лучшие 500 фильмов;Хористы;Франция, Швейцария, Германия;418000000;5599871390;8.278;7.9
77263;Лучшие 500 фильмов;Приключения Шерлока Холмса и доктора Ватсона: Собака Баскервилей ;СССР;0;0;8.6;8.8
377;Лучшие 500 фильмов;Семь;США;2211000000;21929894553;8.296;8.6
345;Лучшие 500 фильмов;Молчание ягнят;США;1273000000;18273775774;8.335;8.6
4541;Лучшие 500 фильмов;Шоу Трумана;США;4020000000;17695919467;8.254;8.1
280172;Лучшие 500 фильмов;Как приручить дракона;США;11055000000;33156876853;8.205;8.1
586397;Лучшие 500 фильмов;Джанго освобожденный;США;6700000000;28473887733;8.178;8.4
444;Лучшие 500 фильмов;Терминатор 2: Судный день;США, Франция;6834000000;34829504115;8.306;8.5
327;Лучшие 500 фильмов;Крестный отец 2;США;871000000;6874200000;8.543;9.0
12244;Лучшие 500 фильмов;Нокдаун;США;5896000000;7272174037;8.205;8.0
77335;Лучшие 500 фильмов;Собачье сердце ;СССР;0;0;8.341;8.9
12198;Лучшие 500 фильмов;Игра;США;3350000000;7331384416;8.255;7.8
399;Лучшие 500 фильмов;Храброе сердце;США;4824000000;14097466315;8.283;8.4
77269;Лучшие 500 фильмов;Шерлок Холмс и доктор Ватсон: Знакомство ;СССР;0;0;8.556;8.7
46708;Лучшие 500 фильмов;Москва слезам не верит;СССР;60300000;167500000;8.371;8.2
725190;Лучшие 500 фильмов;Одержимость;США;221100000;3281796747;8.324;8.5
408410;Лучшие 500 фильмов;Гран Торино;Германия, США;2211000000;18087201276;8.13;8.1
470553;Лучшие 500 фильмов;Прислуга;США, Индия, ОАЭ;1675000000;14514820504;8.163;8.1
519;Лучшие 500 фильмов;Человек дождя;США;1675000000;23773304145;8.25;8.0
775276;Лучшие 500 фильмов;Зверополис;США;10050000000;68593541065;8.302;8.0
7724;Лучшие 500 фильмов;Летят журавли;СССР;0;0;8.291;8.3
627;Лучшие 500 фильмов;Изгой;США;6030000000;28785353514;8.253;7.8
42736;Лучшие 500 фильмов;Офицеры;СССР;0;0;8.453;7.8
395;Лучшие 500 фильмов;Шестое чувство;США;2680000000;45078021564;8.174;8.1
2127;Лучшие 500 фильмов;Малыш;США;16750000;365150000;8.245;8.3
104938;Лучшие 500 фильмов;В погоне за счастьем;США;3685000000;20443685009;8.251;8.0
371;Лучшие 500 фильмов;Спасти рядового Райана;США;4690000000;32283340903;8.179;8.6
46068;Лучшие 500 фильмов;Белый Бим Черное ухо;СССР;0;0;8.371;8.4
5167;Лучшие 500 фильмов;Эффект бабочки;США, Канада;871000000;6436077486;8.169;7.7
44027;Лучшие 500 фильмов;Судьба человека;СССР;0;0;8.366;8.1
5502;Лучшие 500 фильмов;Назад в будущее 2;США;2680000000;22240650134;8.287;7.8
540;Лучшие 500 фильмов;Красавица и чудовище;США;1675000000;28472830540;8.275;8.0
469;Лучшие 500 фильмов;Однажды в Америке;США, Италия;2010000000;356541036;8.276;8.4
3561;Лучшие 500 фильмов;Дневник памяти;США;1943000000;7740757900;8.259;7.9
63912;Лучшие 500 фильмов;Укрощение строптивого;Италия;0;0;8.387;7.7
497;Лучшие 500 фильмов;Римские каникулы;США;100500000;804000000;8.282;8.1
7097;Лучшие 500 фильмов;Балто;США;0;760337708;8.332;7.1
456;Лучшие 500 фильмов;Унесенные ветром;США;266459000;26811822753;8.388;8.2
437410;Лучшие 500 фильмов;Темный рыцарь: Возрождение легенды;Великобритания, США;16750000000;72657419633;8.138;8.4
43869;Лучшие 500 фильмов;Служебный роман;СССР;0;0;8.29;8.4
126196;Лучшие 500 фильмов;Жизнь других;Германия;134000000;5182251546;8.064;8.4
86326;Лучшие 500 фильмов;Счастливое число Слевина;Германия, Великобритания, США, Канада;1809000000;3772695027;8.114;7.8
397;Лучшие 500 фильмов;Амадей;США, Франция, Чехословакия;1206000000;3482192943;8.155;8.3
3797;Лучшие 500 фильмов;Адвокат дьявола;США, Германия;3819000000;10247292220;8.165;7.5
596125;Лучшие 500 фильмов;Гонка;Великобритания, Германия, США;2546000000;6046590808;8.082;8.1
84014;Лучшие 500 фильмов;…А в душе я танцую;Великобритания, Ирландия, Франция;0;1597548;8.114;7.9
354799;Лучшие 500 фильмов;Шерлок Холмс и доктор Ватсон: Смертельная схватка ;СССР;0;0;8.433;8.6
42770;Лучшие 500 фильмов;Они сражались за Родину;СССР;0;0;8.376;8.1
49684;Лучшие 500 фильмов;Ходячий замок;Япония;1608000000;15757335370;8.281;8.2
46019;Лучшие 500 фильмов;Баллада о солдате;СССР;0;0;8.242;8.1
41519;Лучшие 500 фильмов;Брат;Россия;0;0;8.224;8.0
278522;Лучшие 500 фильмов;Хоббит: Нежданное путешествие;США, Новая Зеландия;12060000000;68413939056;8.062;7.9
489;Лучшие 500 фильмов;Свидетель обвинения;США;201000000;0;8.146;8.4
81297;Лучшие 500 фильмов;Малышка на миллион;США;2010000000;14523164282;8.075;8.1
77265;Лучшие 500 фильмов;Шерлок Холмс и доктор Ватсон: Кровавая надпись ;СССР;0;0;8.419;8.5
281251;Лучшие 500 фильмов;Мальчик в полосатой пижаме;Великобритания, США;837500000;2707909721;8.174;7.8
44168;Лучшие 500 фильмов;Девчата;СССР;0;0;8.357;8.1
568289;Лучшие 500 фильмов;Богемская рапсодия;Великобритания, США;3484000000;47942063730;8.184;8.3
4996;Лучшие 500 фильмов;Общество мертвых поэтов;США;1098800000;15802627772;8.208;8.1
770;Лучшие 500 фильмов;Одиннадцать друзей Оушена;США;5695000000;30198049050;8.099;7.8
2494;Лучшие 500 фильмов;Казино;США, Франция;3484000000;7779529125;8.124;8.2
539550;Лучшие 500 фильмов;Артист;Франция, Бельгия;1005000000;8940001352;7.942;7.9
2656;Лучшие 500 фильмов;Пятый элемент;Франция;6030000000;17682652060;8.079;7.7
368937;Лучшие 500 фильмов;Приключения Шерлока Холмса и доктора Ватсона: Охота на тигра ;СССР;0;0;8.388;8.5
527;Лучшие 500 фильмов;День сурка;США;978200000;4750767191;8.104;8.0
920265;Лучшие 500 фильмов;Человек-паук: Через вселенные;США;6030000000;15719660533;8.147;8.7
8124;Лучшие 500 фильмов;Один дома;США;1206000000;31937873225;8.233;7.5
8219;Лучшие 500 фильмов;Могила светлячков;Япония;247900000;0;8.181;8.5
408;Лучшие 500 фильмов;Новые времена;США;100500000;10959659;8.107;8.5
44238;Лучшие 500 фильмов;Добро пожаловать, или Посторонним вход воспрещен;СССР;0;0;8.266;8.2
10156;Лучшие 500 фильмов;Как украсть миллион;США;402000000;0;8.216;7.6
450213;Лучшие 500 фильмов;Невидимая сторона;США;1943000000;20714911126;8.151;7.7
439;Лучшие 500 фильмов;Город Бога;Бразилия, Франция;221100000;1834954527;8.016;8.6
8335;Лучшие 500 фильмов;Легенда о пианисте;Италия;603000000;11218145;8.142;8.1
2361;Лучшие 500 фильмов;Аладдин;США;1876000000;33771364673;8.127;8.0
45146;Лучшие 500 фильмов;Любовь и голуби;СССР;0;0;8.264;8.2
406340;Лучшие 500 фильмов;Меня зовут Кхан;Индия;804000000;2752925614;8.101;8.0
395787;Лучшие 500 фильмов;Семь жизней;США;3685000000;11267269467;8.18;7.6
368936;Лучшие 500 фильмов;Шерлок Холмс и доктор Ватсон: Король шантажа ;СССР;0;0;8.364;8.5
383;Лучшие 500 фильмов;Афера;США;368500000;10452000000;8.145;8.3
5319;Лучшие 500 фильмов;Рэй;США;2680000000;8306082192;8.054;7.7
738;Лучшие 500 фильмов;Жизнь Дэвида Гейла;США, Германия, Великобритания, Испания;2546000000;2610025066;8.059;7.6
1991;Лучшие 500 фильмов;Привидение;США;1474000000;33882073396;8.167;7.0
2037;Лучшие 500 фильмов;Танцующий с волками;США, Великобритания;1474000000;28421992816;8.111;8.0
46789;Лучшие 500 фильмов;12 стульев;СССР;0;0;8.247;8.4
81512;Лучшие 500 фильмов;Самый быстрый Indian;Новая Зеландия, Япония, США;1675000000;1106150302;8.03;7.8
77264;Лучшие 500 фильмов;Шерлок Холмс и доктор Ватсон: Сокровища Агры ;СССР;0;0;8.353;8.5
539;Лучшие 500 фильмов;Умница Уилл Хантинг;США;670000000;15137540145;8.073;8.3
6877;Лучшие 500 фильмов;Терминал;США;4020000000;14651972452;8.068;7.3
350;Лучшие 500 фильмов;Славные парни;США;1675000000;3138038398;8.12;8.7
4695;Лучшие 500 фильмов;Лицо со шрамом;США;1675000000;4414275101;8.19;8.3
7103;Лучшие 500 фильмов;Назад в будущее 3;США;2680000000;16383348061;8.168;7.4
8190;Лучшие 500 фильмов;На несколько долларов больше;Италия, Испания, Германия (ФРГ);40200000;1005000000;8.172;8.3
63991;Лучшие 500 фильмов;Пираты Карибского моря: Сундук мертвеца;США;15075000000;71434041575;8.091;7.3
10179;Лучшие 500 фильмов;Блеф;Италия;0;0;8.238;7.7
428457;Лучшие 500 фильмов;Перед классом ;США;0;0;8.073;8.2
645118;Лучшие 500 фильмов;Головоломка;США;11725000000;57459948658;8.004;8.2
485311;Лучшие 500 фильмов;Король говорит!;Великобритания, США, Австралия;1005000000;27752173783;7.977;8.0
707;Лучшие 500 фильмов;Ледниковый период;США;3953000000;25678367271;8.018;7.5
573759;Лучшие 500 фильмов;Остров сокровищ ;СССР;0;0;8.175;8.4
15204;Лучшие 500 фильмов;Ромео и Джульетта;Великобритания, Италия;0;2606381606;8.215;7.6
45389;Лучшие 500 фильмов;Золотой теленок;СССР;0;0;8.191;8.4
332;Лучшие 500 фильмов;Семь самураев;Япония;33500000;18213347;8.152;8.7
9028;Лучшие 500 фильмов;В случае убийства набирайте «М»;США;93800000;841654;8.116;8.2
723;Лучшие 500 фильмов;Планета Ка-Пэкс;Германия, США;4556000000;4355099495;8.014;7.4
341;Лучшие 500 фильмов;Амели;Франция, Германия;670000000;11652770918;8.001;8.3
394;Лучшие 500 фильмов;Бешеные псы;США;80400000;189745943;8.117;8.3
782;Лучшие 500 фильмов;Заплати другому;США;2680000000;3732396537;8.077;7.2
420923;Лучшие 500 фильмов;Шерлок Холмс;США, Германия;6030000000;35109921493;8.074;7.6
13738;Лучшие 500 фильмов;Нюрнбергский процесс;США;201000000;402000000;8.107;8.2
45660;Лучшие 500 фильмов;Вам и не снилось...;СССР;0;0;8.191;8.0
944098;Лучшие 500 фильмов;Три билборда на границе Эббинга, Миссури;Великобритания, США;1005000000;10667080988;8.183;8.2
5492;Лучшие 500 фильмов;Вечное сияние чистого разума;США;1340000000;4826872625;8.023;8.3
458;Лучшие 500 фильмов;Корпорация монстров;США;7705000000;37708689152;8.072;8.1
442568;Лучшие 500 фильмов;Воин;США;1675000000;1544826705;8.031;8.2
513;Лучшие 500 фильмов;Ганди;Великобритания, Индия, США;1474000000;3535448563;8.066;8.1
77283;Лучшие 500 фильмов;Тот самый Мюнхгаузен ;СССР;0;0;8.278;8.6
8385;Лучшие 500 фильмов;Андрей Рублев;СССР;0;0;8.171;8.2
79204;Лучшие 500 фильмов;Белый плен;США;2680000000;8070551598;8.125;7.3
44218;Лучшие 500 фильмов;Отец солдата;СССР;0;0;8.238;8.7
354;Лучшие 500 фильмов;Апокалипсис сегодня;США;2110500000;5592591237;8.142;8.5
5619;Лучшие 500 фильмов;Звёздные войны: Эпизод 3 – Месть Ситхов;США;7571000000;56949839535;8.052;7.6
77531;Лучшие 500 фильмов;Тренер Картер;США, Германия;2010000000;5136877002;8.044;7.3
195226;Лучшие 500 фильмов;Писатели свободы;Германия, США;1407000000;2887079647;8.018;7.5
958722;Лучшие 500 фильмов;Твое имя;Япония;0;23804984090;8.319;8.4
464;Лучшие 500 фильмов;Человек-слон;США, Великобритания;335000000;1742727888;8.106;8.2
351;Лучшие 500 фильмов;Красота по-американски;США;1005000000;23871872267;7.965;8.4
8221;Лучшие 500 фильмов;Мой сосед Тоторо;Япония;247900000;1467119100;8.196;8.2
472;Лучшие 500 фильмов;Индиана Джонс и последний крестовый поход;США;3216000000;31769511002;8.066;8.3
2056;Лучшие 500 фильмов;Октябрьское небо;США;1675000000;2323278600;8.025;7.8
692861;Лучшие 500 фильмов;Исчезнувшая;США;4087000000;24745134321;7.938;8.1
571;Лучшие 500 фильмов;Схватка;США;4020000000;12558266806;8.038;8.2
751;Лучшие 500 фильмов;Военный ныряльщик;США;2144000000;5517014165;8.052;7.2
447;Лучшие 500 фильмов;Звёздные войны: Эпизод 6 – Возвращение Джедая;США;2177500000;31832113859;8.154;8.3
409507;Лучшие 500 фильмов;Ип Ман;Гонконг, Китай;784943726;0;8.268;8.0
441;Лучшие 500 фильмов;Принцесса Мононоке;Япония;0;10678145636;8.146;8.4
344;Лучшие 500 фильмов;Психо;США;54065449;2144000000;8.091;8.5
601564;Лучшие 500 фильмов;Легенда №17;Россия;760000000;1978056879;7.989;7.6
80749;Лучшие 500 фильмов;Знахарь;Польша;0;0;8.16;7.9
280562;Лучшие 500 фильмов;Звёздочки на земле;Индия;0;1467123991;8.128;8.5
424;Лучшие 500 фильмов;Новый кинотеатр «Парадизо»;Италия, Франция;335000000;803356867;7.961;8.5
77331;Лучшие 500 фильмов;Ирония судьбы, или С легким паром! ;СССР;0;0;8.214;8.3
102198;Лучшие 500 фильмов;Иллюзионист;США, Чехия;1105500000;5888789996;8.016;7.6
6764;Лучшие 500 фильмов;Последний самурай;США, Новая Зеландия, Япония;9380000000;30602851727;8.063;7.7
46089;Лучшие 500 фильмов;Берегись автомобиля;СССР;0;0;8.166;8.2
430;Лучшие 500 фильмов;Шрек;США;4020000000;32455417606;7.979;7.9
45314;Лучшие 500 фильмов;Жестокий романс;СССР;0;0;8.083;8.1
424153;Лучшие 500 фильмов;Тэмпл Грандин ;США;0;0;7.93;8.3
2119;Лучшие 500 фильмов;Цирк;США;60300000;0;8.016;8.1
3563;Лучшие 500 фильмов;Трасса 60;Канада, США;469000000;0;8.012;7.7
77444;Лучшие 500 фильмов;Хулиганы;США, Великобритания;0;211341182;8.03;7.5
408876;Лучшие 500 фильмов;Хоббит: Пустошь Смауга;США, Новая Зеландия;15075000000;64344579285;7.97;7.9
258885;Лучшие 500 фильмов;Пока не сыграл в ящик;США;3015000000;11749957634;8.052;7.4
322;Лучшие 500 фильмов;Гарри Поттер и узник Азкабана;Великобритания, США;8710000000;53378132783;8.133;7.8
41520;Лучшие 500 фильмов;Брат 2;Россия, США;100500000;0;8.091;7.9
423210;Лучшие 500 фильмов;Три идиота;Индия;0;5797702558;8.067;8.4
4914;Лучшие 500 фильмов;Ураган;США;3350000000;4955068147;7.966;7.6
81555;Лучшие 500 фильмов;Загадочная история Бенджамина Баттона;США;10050000000;22373449561;8.042;7.8
706;Лучшие 500 фильмов;Я – Сэм;США;1474000000;6553815313;8.005;7.6
22907;Лучшие 500 фильмов;Медведь;Франция, США;0;2127511166;7.994;7.7
279880;Лучшие 500 фильмов;Подмена;США;3685000000;7572357152;7.937;7.8
714248;Лучшие 500 фильмов;Песнь моря;Ирландия, Дания, Бельгия, Люксембург, Франция;402800000;57453974;8.089;8.1
478;Лучшие 500 фильмов;Золотая лихорадка;США;61841000;365150000;8.065;8.2
160977;Лучшие 500 фильмов;Апокалипсис;США;2680000000;8051744430;7.958;7.8
808639;Лучшие 500 фильмов;Дурак;Россия;87100000;1042118;8.038;8.0
689;Лучшие 500 фильмов;Гарри Поттер и философский камень;Великобритания, США;8375000000;65308609857;8.2;7.6
407636;Лучшие 500 фильмов;Гарри Поттер и Дары Смерти: Часть II;США, Великобритания;8375000000;89881251673;8.089;8.1
89514;Лучшие 500 фильмов;Рататуй;США;10050000000;41789428806;7.952;8.0
61297;Лучшие 500 фильмов;Столкновение;США, Германия;435500000;6593474087;7.896;7.8
471;Лучшие 500 фильмов;Крепкий орешек;США;1876000000;9293493084;8.024;8.2
357;Лучшие 500 фильмов;Убить пересмешника;США;134000000;879699682;8.043;8.3
9617;Лучшие 500 фильмов;Крупная рыба;США;4690000000;8235576685;7.953;8.0
338;Лучшие 500 фильмов;Звёздные войны: Эпизод 5 – Империя наносит ответный удар;США;1206000000;36071129489;8.13;8.8
5059;Лучшие 500 фильмов;Знакомьтесь, Джо Блэк;США;6030000000;9576986700;8.033;7.2
45244;Лучшие 500 фильмов;Завтра была война;СССР;0;0;8.029;7.8
610;Лучшие 500 фильмов;Билли Эллиот;Великобритания, Франция;335000000;7321777621;7.921;7.7
251733;Лучшие 500 фильмов;Аватар;Великобритания, США;15879000000;186412436524;7.944;7.8
84049;Лучшие 500 фильмов;Рапунцель: Запутанная история;США;17420000000;39650260712;7.945;7.8
43982;Лучшие 500 фильмов;Старший сын ;СССР;0;0;8.177;8.1
368;Лучшие 500 фильмов;Поющие под дождем;США;170233600;115866115;8.054;8.3
325381;Лучшие 500 фильмов;Вверх;США;11725000000;48999904352;7.983;8.3
5277;Лучшие 500 фильмов;Мулан;США;6030000000;20389457018;8.063;7.6
772017;Лучшие 500 фильмов;Мандарины;Эстония, Грузия;49400000;9681567;8.056;8.2
43553;Лучшие 500 фильмов;Аты-баты, шли солдаты...;СССР;0;0;8.103;7.8
158786;Лучшие 500 фильмов;Жизнь Пи;США, Тайвань, Великобритания, Канада;8040000000;40804109855;7.823;7.9
7660;Лучшие 500 фильмов;Холодное лето пятьдесят третьего...;СССР;0;0;8.051;8.0
5012;Лучшие 500 фильмов;Гаттака;США;2412000000;826755411;7.948;7.8
8147;Лучшие 500 фильмов;Русалочка;США;2680000000;14160013093;8.221;7.6
7226;Лучшие 500 фильмов;Догвилль;Нидерланды, Дания, Великобритания, Франция, Финляндия, Швеция, Германия, Италия, Норвегия;670000000;1088364951;7.933;8.0
273209;Лучшие 500 фильмов;Девочка, покорившая время;Япония;0;0;7.974;7.8
363;Лучшие 500 фильмов;Секреты Лос-Анджелеса;США;2345000000;8456534980;7.932;8.3
8227;Лучшие 500 фильмов;Леди и бродяга;США;268000000;6271355842;8.177;7.3
1902;Лучшие 500 фильмов;Крамер против Крамера;США;536000000;7119420000;7.996;7.8
39259;Лучшие 500 фильмов;Профессионал;Франция;38000000;0;8.119;7.6
367;Лучшие 500 фильмов;Реквием по мечте;США;301500000;495137236;7.985;8.3
16117;Лучшие 500 фильмов;Лис и пёс;США;804000000;4251618196;8.181;7.3
46745;Лучшие 500 фильмов;Мужики!..;СССР;0;0;8.087;7.7
42667;Лучшие 500 фильмов;Иваново детство;СССР;0;0;8.057;8.1
47814;Лучшие 500 фильмов;Весна, лето, осень, зима... и снова весна;Корея Южная, Германия;0;638157915;7.911;8.1
258328;Лучшие 500 фильмов;История игрушек: Большой побег;США;13400000000;71231850181;7.797;8.3
46512;Лучшие 500 фильмов;Максим Перепелица;СССР;0;0;8.136;7.8
102124;Лучшие 500 фильмов;Пираты Карибского моря: На краю Света;США;20100000000;64549168475;8.011;7.1
841081;Лучшие 500 фильмов;Ла-Ла Ленд;США, Гонконг;2010000000;29885376063;7.901;8.0
45463;Лучшие 500 фильмов;Человек с бульвара Капуцинов;СССР;0;0;8.011;7.9
337;Лучшие 500 фильмов;Окно во двор;США;134000000;2463208971;8.037;8.5
538;Лучшие 500 фильмов;Стальной гигант;США;4690000000;1551673435;8.065;8.0
276376;Лучшие 500 фильмов;Заложница;Франция, США;1675000000;15197648056;7.919;7.8
77282;Лучшие 500 фильмов;Обыкновенное чудо ;СССР;0;0;8.21;8.4
42571;Лучшие 500 фильмов;Иди и смотри;СССР;0;0;8.071;8.2
1091;Лучшие 500 фильмов;Люди в черном;США;6030000000;39489166113;7.966;7.3
468;Лучшие 500 фильмов;Взвод;США;402000000;9281547855;8.013;8.1
505851;Лучшие 500 фильмов;Грань будущего;США, Канада;11926000000;24826264152;7.94;7.9
3442;Лучшие 500 фильмов;Троя;США, Мальта, Великобритания;11725000000;33326460084;8.021;7.2
8178;Лучшие 500 фильмов;Совершенный мир;США;2010000000;9053776933;7.966;7.5
42088;Лучшие 500 фильмов;Республика ШКИД;СССР;0;5471287;8.176;7.9
279828;Лучшие 500 фильмов;Смех и горе у Бела моря;СССР;0;0;8.103;7.5
43332;Лучшие 500 фильмов;Проверка на дорогах;СССР;0;0;7.979;8.0
252626;Лучшие 500 фильмов;В диких условиях;США;1005000000;3769094514;7.926;8.1
45028;Лучшие 500 фильмов;Курьер;СССР;0;0;8.038;8.0
63929;Лучшие 500 фильмов;Ночи Кабирии;Италия, Франция;0;50387015;8.021;8.1
488;Лучшие 500 фильмов;Сука-любовь;Мексика;134000000;1400867289;7.916;8.1
7107;Лучшие 500 фильмов;Земля до начала времен;США, Ирландия;824100000;5658876682;8.02;7.4
77203;Лучшие 500 фильмов;Покровские ворота ;СССР;0;0;8.207;8.2
81432;Лучшие 500 фильмов;Формула любви ;СССР;0;0;8.17;8.2
252156;Лучшие 500 фильмов;Гангстер;США, Великобритания;6700000000;17853157479;7.939;7.8
7466;Лучшие 500 фильмов;Бронкская история;США;1474000000;1158289166;7.989;7.8
46368;Лучшие 500 фильмов;Не может быть!;СССР;0;0;8.127;7.8
86566;Лучшие 500 фильмов;Август Раш;США;2010000000;4430175742;7.977;7.5
44299;Лучшие 500 фильмов;Доживем до понедельника;СССР;0;0;8.09;8.1
45748;Лучшие 500 фильмов;Весна на Заречной улице;СССР;0;0;7.907;7.6
404;Лучшие 500 фильмов;Квартира;США;201000000;1246200000;8.024;8.3
4275;Лучшие 500 фильмов;Путь Карлито;США;2010000000;4277837574;7.969;7.9
1846;Лучшие 500 фильмов;Небесный замок Лапута;Япония;0;0;8.25;8.1
431;Лучшие 500 фильмов;Великий диктатор;США;134000000;335000000;8.066;8.5
436;Лучшие 500 фильмов;Бен-Гур;США;1005000000;10988000000;8.075;8.1
616;Лучшие 500 фильмов;Кокаин;США;3551000000;5579913832;7.984;7.6
8240;Лучшие 500 фильмов;Навсикая из долины ветров;Япония, США;67000000;0;8.108;8.1
7765;Лучшие 500 фильмов;Восхождение;СССР;0;0;8.016;8.3
333;Лучшие 500 фильмов;Звёздные войны: Эпизод 4 – Новая надежда;США;737000000;51951666469;8.111;8.6
376;Лучшие 500 фильмов;Однажды на Диком Западе;Италия, США;335000000;356541036;8.036;8.5
43970;Лучшие 500 фильмов;Сталкер;СССР;0;0;8.093;8.1
330;Лучшие 500 фильмов;Касабланка;США;63650000;192641281;8.03;8.5
360;Лучшие 500 фильмов;Тропы славы;США;62645000;0;8.076;8.4
44156;Лучшие 500 фильмов;Десять негритят;СССР;0;0;8.144;8.0
334;Лучшие 500 фильмов;Доктор Стрейнджлав, или Как я научился не волноваться и полюбил атомную бомбу;США, Великобритания;120600000;632498224;8.069;8.4
38145;Лучшие 500 фильмов;История Хатико;Япония;0;0;8.131;8.1
843649;Лучшие 500 фильмов;Мстители: Война бесконечности;США;21507000000;137263564439;7.883;8.5
23712;Лучшие 500 фильмов;Стена;Великобритания;804000000;1490361869;8.107;8.0
649917;Лучшие 500 фильмов;По соображениям совести;Австралия, США;2680000000;11745257718;7.917;8.2
406;Лучшие 500 фильмов;Чужие;США;1239500000;8781036616;8.041;8.4
44467;Лучшие 500 фильмов;Гараж;СССР;0;0;8.016;8.2
1949;Лучшие 500 фильмов;Мачеха;США;3350000000;10700623131;8.013;6.7
81584;Лучшие 500 фильмов;Босиком по мостовой;Германия;357200000;0;7.927;7.2
647671;Лучшие 500 фильмов;Охота;Дания, Швеция;254600000;41091636;7.903;8.3
1886;Лучшие 500 фильмов;Мосты округа Мэдисон;США;1608000000;12195113339;7.977;7.6
418;Лучшие 500 фильмов;Цельнометаллическая оболочка;Великобритания, США;2010000000;3105964292;8.009;8.3
38198;Лучшие 500 фильмов;Черная кошка, белый кот;Югославия (ФР), Франция, Германия, Австрия, Греция;0;23546949;7.974;8.1
43007;Лучшие 500 фильмов;По семейным обстоятельствам ;СССР;0;0;8.171;7.8
5033;Лучшие 500 фильмов;Бумажная луна;США;167500000;2072560781;8.069;8.1
353;Лучшие 500 фильмов;Сансет бульвар;США;117384000;20076215;8.005;8.4
392541;Лучшие 500 фильмов;Освобождение: Последний штурм;СССР;0;0;8.18;7.5
508;Лучшие 500 фильмов;Земляничная поляна;Швеция;0;0;8.015;8.2
103148;Лучшие 500 фильмов;Харакири;Япония;0;0;8.1;8.7
44457;Лучшие 500 фильмов;Гамлет;СССР;0;0;8.037;8.4
2058;Лучшие 500 фильмов;Чаплин;США, Франция, Япония, Италия;2077000000;636048353;7.967;7.6
77859;Лучшие 500 фильмов;Отель «Руанда»;Великобритания, ЮАР, Италия;1172500000;2249330566;7.848;8.1
494;Лучшие 500 фильмов;Другие;США, Испания, Франция, Италия;1139000000;14066451479;7.945;7.6
4525;Лучшие 500 фильмов;Мотылек;Франция, США;804000000;3568889000;8.028;8.0
325439;Лучшие 500 фильмов;Чтец;США, Германия;2144000000;7296431789;7.934;7.6
362;Лучшие 500 фильмов;Подводная лодка;Германия (ФРГ);938000000;769674292;8.048;8.4
392540;Лучшие 500 фильмов;Освобождение: Битва за Берлин;СССР;0;0;8.182;7.7
425;Лучшие 500 фильмов;Седьмая печать;Швеция;10050000;0;8.077;8.2
43044;Лучшие 500 фильмов;Подкидыш;СССР;0;0;8.084;7.7
25082;Лучшие 500 фильмов;Однажды двадцать лет спустя;СССР;0;0;8.011;7.4
5622;Лучшие 500 фильмов;Сонная Лощина;Германия, США;6700000000;13806790634;7.954;7.4
6144;Лучшие 500 фильмов;Реальная любовь;Великобритания, США, Франция;2680000000;16545115139;7.914;7.6
2513;Лучшие 500 фильмов;Анастасия;США;3551000000;9366891316;8.083;7.1
80221;Лучшие 500 фильмов;38-я параллель;Корея Южная;857600000;4678448061;7.927;8.1
6039;Лучшие 500 фильмов;Маска;США;1541000000;23556088269;7.975;6.9
8827;Лучшие 500 фильмов;Легенды осени;США;2010000000;10762805161;7.99;7.5
42172;Лучшие 500 фильмов;Тайна третьей планеты;СССР;0;0;8.011;8.1
102201;Лучшие 500 фильмов;Разрисованная вуаль;Китай, США, Канада;2278000000;1777030146;7.917;7.5
77267;Лучшие 500 фильмов;Шерлок Холмс и доктор Ватсон: Двадцатый век начинается ;СССР;0;0;8.187;8.1
378246;Лучшие 500 фильмов;Мэри и Макс;Австралия;0;0;7.864;8.1
44691;Лучшие 500 фильмов;Калина красная;СССР;0;0;8.07;7.9
386;Лучшие 500 фильмов;Чужой;Великобритания, США;737000000;7030430667;8.066;8.5
17721;Лучшие 500 фильмов;Завтрак у Тиффани;США;167500000;536000000;8.108;7.7
46421;Лучшие 500 фильмов;Невероятные приключения итальянцев в России;СССР, Италия;0;0;8.053;7.8
388;Лучшие 500 фильмов;Расёмон;Япония;16750000;0;8.026;8.3
417;Лучшие 500 фильмов;Метрополис;Германия;0;35370506;8.039;8.3
79506;Лучшие 500 фильмов;Персона;Швеция;0;0;8.095;8.1
9208;Лучшие 500 фильмов;Отпетые мошенники;США;0;2816618695;7.988;7.3
42308;Лучшие 500 фильмов;Три тополя на Плющихе;СССР;0;0;8.106;7.9
46080;Лучшие 500 фильмов;Белые росы;СССР;0;0;8.204;7.6
4384;Лучшие 500 фильмов;Великан;США;0;177700482;7.941;7.3
2113;Лучшие 500 фильмов;Огни рампы;США;0;0;8.065;8.1
280961;Лучшие 500 фильмов;5 сантиметров в секунду;Япония;335000000;0;7.933;7.7
197134;Лучшие 500 фильмов;Жизнь в розовом цвете;Франция, Великобритания, Чехия;1675000000;5780411131;7.905;7.6
46660;Лучшие 500 фильмов;Мне двадцать лет;СССР;0;0;8.103;7.9
6889;Лучшие 500 фильмов;Гнев;США, Великобритания;4690000000;8729678838;7.911;7.7
46638;Лучшие 500 фильмов;Мимино;СССР;0;0;8.06;8.3
43870;Лучшие 500 фильмов;Служили два товарища;СССР;0;0;8.168;8.0
44128;Лучшие 500 фильмов;Деловые люди;СССР;0;0;8.161;7.7
510;Лучшие 500 фильмов;Четыреста ударов;Франция;0;0;8.088;8.1
531;Лучшие 500 фильмов;Дорога;Италия;0;0;8.044;8.1
44159;Лучшие 500 фильмов;Дети Дон-Кихота;СССР;0;0;8.192;7.3
21844;Лучшие 500 фильмов;Клуб «Завтрак»;США;67000000;3452186457;8.031;7.9
147969;Лучшие 500 фильмов;Безумно влюбленный;Италия;0;0;8.12;7.0
799;Лучшие 500 фильмов;Вспоминая Титанов;США;2010000000;9159347761;7.958;7.8
406408;Лучшие 500 фильмов;Законопослушный гражданин;США;3350000000;8484562152;8.01;7.4
32371;Лучшие 500 фильмов;Ва-банк;Польша;0;0;8.013;8.0
81542;Лучшие 500 фильмов;Невидимые дети;Франция, Италия;0;0;7.856;7.6
7698;Лучшие 500 фильмов;Андеграунд;Югославия (ФР), Германия, Франция, Чехия, Венгрия, Болгария;938000000;0;7.925;8.1
924;Лучшие 500 фильмов;Осенняя соната;Швеция, Франция, Германия (ФРГ), Великобритания;0;0;7.986;8.3
683999;Лучшие 500 фильмов;Отель «Гранд Будапешт»;США, Германия;1748000000;11573266306;7.865;8.1
889;Лучшие 500 фильмов;Герой;Китай, Гонконг;2077000000;11885426944;7.904;7.9
839;Лучшие 500 фильмов;Спирит: Душа прерий;США;5360000000;8211757113;8.086;7.1
681849;Лучшие 500 фильмов;Лучшее предложение;Италия;1026000000;68571351;7.959;7.8
32714;Лучшие 500 фильмов;Шёпот сердца;Япония;0;0;8.3;8.0
44835;Лучшие 500 фильмов;Ко мне, Мухтар!;СССР;0;0;8.079;7.7
6006;Лучшие 500 фильмов;Мадагаскар;США;5025000000;35689604957;7.891;6.9
7640;Лучшие 500 фильмов;Двухсотлетний человек;США, Германия;6700000000;5857398687;7.982;6.9
8222;Лучшие 500 фильмов;Кошмар перед Рождеством;США;1206000000;5030538756;8.046;8.0
104921;Лучшие 500 фильмов;Спасатель;США;4690000000;6363227180;7.963;6.9
46788;Лучшие 500 фильмов;Двенадцать месяцев;СССР;0;0;8.027;7.6
7727;Лучшие 500 фильмов;Плата за страх;Франция, Италия;0;0;8.06;8.1
255611;Лучшие 500 фильмов;Искупление;Великобритания, Франция, США;1700000000;8660826087;7.982;7.8
8154;Лучшие 500 фильмов;Бэмби;США;0;17918959050;8.079;7.3
63782;Лучшие 500 фильмов;Время цыган;Югославия, Великобритания, Италия;0;18761005;7.953;8.3
2333;Лучшие 500 фильмов;Скала;США;5025000000;22449195607;7.944;7.4
416824;Лучшие 500 фильмов;Рок-волна;Великобритания, Германия, Франция;3350000000;2435368528;7.881;7.4
43700;Лучшие 500 фильмов;Сережа;СССР;0;0;8.14;7.9
4917;Лучшие 500 фильмов;Святые из Бундока;США, Канада;402000000;2041557;7.949;7.9
4500;Лучшие 500 фильмов;Крестный отец 3;США;3618000000;9163326154;7.955;7.6
372;Лучшие 500 фильмов;Всё о Еве;США;93800000;4252021;8.017;8.3
364;Лучшие 500 фильмов;Двойная страховка;США;62126554;0;7.991;8.3
339;Лучшие 500 фильмов;Индиана Джонс: В поисках утраченного ковчега;США;1206000000;26125040057;8.001;8.5
4378;Лучшие 500 фильмов;Мэверик;США;5025000000;12263095224;8.102;7.0
646;Лучшие 500 фильмов;Танцующая в темноте;Дания, Швеция, США, Аргентина, Великобритания, Германия, Исландия, Испания, Италия, Нидерланды, Норвегия, Финляндия, Франция;857600000;2682135893;7.943;8.0
594;Лучшие 500 фильмов;Искусственный разум;США;6700000000;15807078984;7.918;7.1
77132;Лучшие 500 фильмов;Мемуары гейши;США;5695000000;10870278454;7.964;7.4
8421;Лучшие 500 фильмов;Эдвард руки-ножницы;США;1340000000;5763608335;7.998;7.9
436263;Лучшие 500 фильмов;Брестская крепость;Россия, Беларусь;0;295116843;7.957;7.5
47040;Лучшие 500 фильмов;Возвращение;Россия;26800000;271204610;7.853;8.0
7666;Лучшие 500 фильмов;Моя прекрасная леди;США;1139000000;4824000000;8.072;7.9
939785;Лучшие 500 фильмов;Остров собак;Германия, США;0;4304180433;8.133;7.9
392539;Лучшие 500 фильмов;Освобождение: Прорыв;СССР;0;0;8.177;7.6
512883;Лучшие 500 фильмов;Как приручить дракона 2;США;9715000000;41643013773;7.924;7.8
46066;Лучшие 500 фильмов;Белое солнце пустыни;СССР;0;0;8.029;8.0
257337;Лучшие 500 фильмов;Остров;Россия;100500000;0;7.888;8.0
8151;Лучшие 500 фильмов;Интервью с вампиром;США;4020000000;14985528736;7.963;7.6
17579;Лучшие 500 фильмов;Робин Гуд;США;1005000000;2147783289;8.075;7.6
428;Лучшие 500 фильмов;Охотник на оленей;США, Великобритания;1005000000;3281614976;7.961;8.1
61815;Лучшие 500 фильмов;Большая прогулка;Франция, Великобритания;0;0;8.101;8.0
94296;Лучшие 500 фильмов;Освобождение: Огненная дуга;СССР, Польша, Югославия, Германия (ГДР), Италия;0;0;8.176;7.2
515;Лучшие 500 фильмов;На игле;Великобритания;234500000;1104902360;7.941;8.2
781;Лучшие 500 фильмов;Патриот;США, Германия;7370000000;14424720914;7.916;7.2
3915;Лучшие 500 фильмов;Беглец;США;2948000000;24714675920;7.891;7.8
470769;Лучшие 500 фильмов;Цветок пустыни;Великобритания, Германия, Австрия, Франция;0;980302259;7.955;7.4
44270;Лучшие 500 фильмов;Дом, в котором я живу;СССР;0;0;8.054;7.7
15061;Лучшие 500 фильмов;Смертельное оружие;США;1005000000;8053877509;7.971;7.6
77423;Лучшие 500 фильмов;Игра по чужим правилам;США;0;2876876083;7.874;7.2
426;Лучшие 500 фильмов;Ребекка;США;86296000;402000000;7.968;8.1
13540;Лучшие 500 фильмов;Рокко и его братья;Италия, Франция;0;0;8.051;8.3
23737;Лучшие 500 фильмов;Одержимость;США;2010000000;1393901768;7.859;7.0
373;Лучшие 500 фильмов;М убийца;Германия;0;0;7.949;8.3
16759;Лучшие 500 фильмов;Мост Ватерлоо;США;0;0;8.048;7.8
1996;Лучшие 500 фильмов;Грязные танцы;США;402000000;14334936358;8.057;6.9
676;Лучшие 500 фильмов;Фрида;США, Канада, Мексика;804000000;3771997758;7.911;7.4
482;Лучшие 500 фильмов;История игрушек;США;2010000000;24251235312;7.887;8.3
566055;Лучшие 500 фильмов;Отверженные;Великобритания, США;4087000000;29517901230;7.901;7.6
1107;Лучшие 500 фильмов;Джон Ф. Кеннеди: Выстрелы в Далласе;Франция, США;2680000000;13762168366;7.872;8.0
14349;Лучшие 500 фильмов;Такси;Франция;0;17973018;7.891;7.0
42398;Лучшие 500 фильмов;Я шагаю по Москве;СССР;0;0;7.995;8.0
46285;Лучшие 500 фильмов;На войне как на войне;СССР;0;0;8.233;8.0
47397;Лучшие 500 фильмов;Девушка на мосту;Франция;0;114492213;7.868;7.6
46318;Лучшие 500 фильмов;Освобождение: Направление главного удара;СССР, Польша, Германия (ГДР);0;0;8.111;7.7
335;Лучшие 500 фильмов;Помни;США;603000000;2661447432;7.867;8.5
42799;Лучшие 500 фильмов;Осенний марафон;СССР;0;0;8.001;8.0
46063;Лучшие 500 фильмов;Белорусский вокзал;СССР;0;0;8.061;7.9
75871;Лучшие 500 фильмов;Олдбой;Корея Южная;201000000;1003660335;8.107;8.4
7722;Лучшие 500 фильмов;Сладкая жизнь;Италия, Франция;0;1307572000;8.021;8.1
46494;Лучшие 500 фильмов;Мачеха;СССР;0;0;8.094;7.3
3730;Лучшие 500 фильмов;Таинственная река;США, Австралия;1675000000;10507075340;7.797;8.0
8403;Лучшие 500 фильмов;Небо над Берлином;Германия (ФРГ), Франция;0;215079313;7.938;8.1
77443;Лучшие 500 фильмов;Город грехов;США;2680000000;10635165940;7.848;8.0
45275;Лучшие 500 фильмов;Зеркало;СССР;0;0;8.088;8.1
38898;Лучшие 500 фильмов;Война и мир;СССР;1943000000;0;8.075;7.9
693126;Лучшие 500 фильмов;Город героев;США;11055000000;44073847004;7.929;7.8
9691;Лучшие 500 фильмов;Бесславные ублюдки;Германия, США;4690000000;21537531163;7.868;8.3
18368;Лучшие 500 фильмов;Перед рассветом;США, Австрия, Швейцария;167500000;1523272135;7.93;8.1
77277;Лучшие 500 фильмов;Ищите женщину ;СССР;0;0;8.169;8.0
64131;Лучшие 500 фильмов;Жить;Япония;0;3701080;8.144;8.3
463724;Лучшие 500 фильмов;Великий Гэтсби;Австралия, США;7035000000;23519708073;7.94;7.3
518037;Лучшие 500 фильмов;Невозможное;Испания, США;3015000000;13271843204;7.902;7.6
48555;Лучшие 500 фильмов;Жизнь как чудо;Сербия, Франция, Италия;536000000;0;7.887;7.6
43911;Лучшие 500 фильмов;Солярис;СССР;0;0;8.032;8.1
4466;Лучшие 500 фильмов;Что гложет Гилберта Грейпа?;США;737000000;672195255;7.939;7.8
445;Лучшие 500 фильмов;Телохранитель;Япония;0;0;8.015;8.3
340;Лучшие 500 фильмов;Подозрительные лица;США, Германия;402000000;1563885056;7.863;8.6
462606;Лучшие 500 фильмов;Области тьмы;США;1742000000;10843913485;7.981;7.4
486;Лучшие 500 фильмов;Трамвай «Желание»;США;120600000;536000000;8.033;8.0
77795;Лучшие 500 фильмов;Триумф;США, Канада;0;1030415914;7.849;7.5
7665;Лучшие 500 фильмов;Звуки музыки;США;549399933;10630981656;8.054;8.0
44924;Лучшие 500 фильмов;Король Лир;СССР;0;0;8.089;8.3
252330;Лучшие 500 фильмов;Босоногий Гэн;Япония;0;0;8.01;8.1
7908;Лучшие 500 фильмов;В поисках Немо;США;6298000000;61756798487;7.863;8.1
1957;Лучшие 500 фильмов;Перл-Харбор;США;9380000000;30097803315;7.923;6.1
42248;Лучшие 500 фильмов;Тихий Дон;СССР;0;0;8.128;7.8
688;Лучшие 500 фильмов;Гарри Поттер и Тайная комната;Великобритания, США, Германия;6700000000;58891635478;8.031;7.4
4511;Лучшие 500 фильмов;Волшебная страна;США, Великобритания;1675000000;7823359252;7.883;7.7
46792;Лучшие 500 фильмов;Три плюс два;СССР;0;0;8.03;7.5
47237;Лучшие 500 фильмов;Бэтмен: Начало;США, Великобритания;10050000000;25072651091;7.906;8.3
4688;Лучшие 500 фильмов;Большой;США;1206000000;10161807858;7.918;7.3
45665;Лучшие 500 фильмов;Варвара-краса, длинная коса;СССР;0;0;8.066;7.3
848894;Лучшие 500 фильмов;Вторая жизнь Уве;Швеция;0;233114105;7.863;7.7
451;Лучшие 500 фильмов;Непрощенный;США;964800000;10663548949;7.859;8.2
8455;Лучшие 500 фильмов;За пригоршню долларов;Италия, Испания, Германия (ФРГ);13400000;234500000;8.029;8.0
507;Лучшие 500 фильмов;Терминатор;Великобритания, США;428800000;5250870400;7.973;8.0
43423;Лучшие 500 фильмов;Афоня;СССР;0;0;8.031;8.0
347;Лучшие 500 фильмов;Лоуренс Аравийский;Великобритания;1005000000;3003217648;8.018;8.3
46047;Лучшие 500 фильмов;Бег;СССР;0;0;8.067;8.0
79836;Лучшие 500 фильмов;Токийская повесть;Япония;0;0;8.045;8.2
453406;Лучшие 500 фильмов;Безумный Макс: Дорога ярости;Австралия, США;10050000000;25383508780;7.813;8.1
278273;Лучшие 500 фильмов;Чёрный лебедь;США;871000000;22069669082;7.735;8.0
6695;Лучшие 500 фильмов;Звёздные войны: Эпизод 1 – Скрытая угроза;США;7705000000;68811993359;7.906;6.5
8231;Лучшие 500 фильмов;Золушка;США;194300000;2284776983;8.055;7.3
391762;Лучшие 500 фильмов;Ушедшие;Япония;0;4552360627;8.09;8.1
16115;Лучшие 500 фильмов;За бортом;США;0;1789783529;7.996;6.8
1942;Лучшие 500 фильмов;Холодная гора;Великобритания, Италия, Румыния, США;5293000000;11591905103;7.85;7.2
41830;Лучшие 500 фильмов;Море внутри;Испания, Франция, Италия;760000000;2558803968;7.817;8.0
26821;Лучшие 500 фильмов;Брак по-итальянски;Италия, Франция;0;0;8.037;7.5
909720;Лучшие 500 фильмов;Ван Гог. С любовью, Винсент;Польша, Великобритания, США;380000000;2826573555;8.212;7.8
44838;Лучшие 500 фильмов;Когда деревья были большими;СССР;0;0;8.033;7.8
320230;Лучшие 500 фильмов;Класс;Эстония;7600000;0;7.816;8.0
863;Лучшие 500 фильмов;Тренировочный день;США, Австралия;3015000000;7026707611;7.833;7.7
2428;Лучшие 500 фильмов;Ведьмина служба доставки;Япония;0;0;8.044;7.9
20897;Лучшие 500 фильмов;Беглецы;Франция;0;0;7.944;7.1
442;Лучшие 500 фильмов;Простая история;Франция, Великобритания, США;670000000;415603948;7.822;8.0
86311;Лучшие 500 фильмов;Пустой дом;Корея Южная, Япония;67000000;22908238;7.817;8.1
41381;Лучшие 500 фильмов;В августе 44-го;Россия, Беларусь;338536260;0;7.884;7.6
43974;Лучшие 500 фильмов;Старая, старая сказка;СССР;0;0;8.072;7.6
309;Лучшие 500 фильмов;Эквилибриум;США;1340000000;359096215;7.898;7.5
26656;Лучшие 500 фильмов;Коты-аристократы;США;268000000;1169328086;8.09;7.1
46403;Лучшие 500 фильмов;Неподдающиеся;СССР;0;0;8.056;7.3
565;Лучшие 500 фильмов;Игра навылет;Великобритания, США;0;0;7.961;8.1
43602;Лучшие 500 фильмов;Самая обаятельная и привлекательная;СССР;0;0;8.1;7.5
422134;Лучшие 500 фильмов;Забивание камнями Сорайи М.;США;0;72946518;8.07;8.0
60285;Лучшие 500 фильмов;Боги, наверное, сошли с ума;Ботсвана, ЮАР;335000000;2012129461;7.988;7.3
